title,company,location,summary
,,,フィールドセールス
,,,美容クリニック特化型人材紹介事業営業職（CA/RA）
,,,シニアコンサルタント
,,,★クラウドインフラのプロジェクトリーダ・チームリーダ・チームリーダ候補
,,,【開発】ソフトウェアエンジニア
,,,チーフクラウドエンジニア
,,,【東京】IT法人営業
,,,Salesforceエンジニア
,,,デジタルマーケティングスペシャリスト
,,,◢◤管理部長候補◢◤社会インフラの未来を共に築くリーダーを募集！
,,,【東京】コーポレートエンジニア(情報セキュリティおよび業務ICT)
,,,システムエンジニア
,,,エンジニア・プログラマー
,,,Webマーケティングコンサルタント
,,,財務
,,,▶基金事務局（オープンポジション）
,,,【GAMES】PF_MKT/各本部/バックエンドエンジニア(リーダー候補)オープンポジション
,,,クラウドエンジニア
,,,保育施設向けカスタマーサクセス（総合保育DXサービス）@東京（出社・リモート混合のハイブリット勤務）
,,,ファイナンシャルプランナー
